fullName,phone,email,citizenId
Nguyễn Văn An,0981234501,an.nguyen1@example.com,001099000001
Trần Thị Bình,0981234502,binh.tran2@example.com,001099000002
Lê Hoàng Cường,0981234503,cuong.le3@example.com,001099000003
Phạm Thị Dung,0981234504,dung.pham4@example.com,001099000004
Hoàng Văn Em,0981234505,em.hoang5@example.com,001099000005
Vũ Thị Phượng,0981234506,phuong.vu6@example.com,001099000006
Đặng Văn Giang,0981234507,giang.dang7@example.com,001099000007
Bùi Thị Hoa,0981234508,hoa.bui8@example.com,001099000008
Đỗ Văn Hùng,0981234509,hung.do9@example.com,001099000009
Hồ Thị Hương,0981234510,huong.ho10@example.com,001099000010
Ngô Văn Kiên,0981234511,kien.ngo11@example.com,001099000011
Dương Thị Linh,0981234512,linh.duong12@example.com,001099000012
Lý Văn Long,0981234513,long.ly13@example.com,001099000013
Vương Thị Mai,0981234514,mai.vuong14@example.com,001099000014
Trịnh Văn Nam,0981234515,nam.trinh15@example.com,001099000015
Đinh Thị Nga,0981234516,nga.dinh16@example.com,001099000016
Lâm Văn Phong,0981234517,phong.lam17@example.com,001099000017
Đào Thị Quyên,0981234518,quyen.dao18@example.com,001099000018
Đoàn Văn Quân,0981234519,quan.doan19@example.com,001099000019
Mai Thị Sen,0981234520,sen.mai20@example.com,001099000020
Tô Văn Sơn,0981234521,son.to21@example.com,001099000021
Trương Thị Tâm,0981234522,tam.truong22@example.com,001099000022
Nguyễn Văn Tiến,0981234523,tien.nguyen23@example.com,001099000023
Trần Thị Thu,0981234524,thu.tran24@example.com,001099000024
Lê Văn Tuấn,0981234525,tuan.le25@example.com,001099000025
Phạm Thị Thảo,0981234526,thao.pham26@example.com,001099000026
Hoàng Văn Tùng,0981234527,tung.hoang27@example.com,001099000027
Vũ Thị Uyên,0981234528,uyen.vu28@example.com,001099000028
Đặng Văn Việt,0981234529,viet.dang29@example.com,001099000029
Bùi Thị Vân,0981234530,van.bui30@example.com,001099000030
Đỗ Văn Vinh,0981234531,vinh.do31@example.com,001099000031
Hồ Thị Yến,0981234532,yen.ho32@example.com,001099000032
Ngô Văn An,0981234533,an.ngo33@example.com,001099000033
Dương Thị Bình,0981234534,binh.duong34@example.com,001099000034
Lý Văn Cường,0981234535,cuong.ly35@example.com,001099000035
Vương Thị Dung,0981234536,dung.vuong36@example.com,001099000036
Trịnh Văn Em,0981234537,em.trinh37@example.com,001099000037
Đinh Thị Phượng,0981234538,phuong.dinh38@example.com,001099000038
Lâm Văn Giang,0981234539,giang.lam39@example.com,001099000039
Đào Thị Hoa,0981234540,hoa.dao40@example.com,001099000040
Đoàn Văn Hùng,0981234541,hung.doan41@example.com,001099000041
Mai Thị Hương,0981234542,huong.mai42@example.com,001099000042
Tô Văn Kiên,0981234543,kien.to43@example.com,001099000043
Trương Thị Linh,0981234544,linh.truong44@example.com,001099000044
Nguyễn Văn Long,0981234545,long.nguyen45@example.com,001099000045
Trần Thị Mai,0981234546,mai.tran46@example.com,001099000046
Lê Văn Nam,0981234547,nam.le47@example.com,001099000047
Phạm Thị Nga,0981234548,nga.pham48@example.com,001099000048
Hoàng Văn Phong,0981234549,phong.hoang49@example.com,001099000049
Vũ Thị Quyên,0981234550,quyen.vu50@example.com,001099000050
